#OTU ID,19.0,20.0,19.0 C,20.0 C
Archaea;Altiarchaeota;Altiarchaeia;uncultured archaeon;uncultured archaeon;uncultured archaeon;uncultured archaeon,0,0,0,0
Archaea;Crenarchaeota;Bathyarchaeia;uncultured methanogenic archaeon;uncultured methanogenic archaeon;uncultured methanogenic archaeon;uncultured methanogenic archaeon,0,0,3,0
Archaea;Crenarchaeota;Bathyarchaeia,0,0,0,0
Archaea;Euryarchaeota;Thermococci;Methanofastidiosales;uncultured;uncultured bacterium;uncultured bacterium,0,0,0,0
Archaea;Nanoarchaeaeota;Woesearchaeia;Candidatus Diapherotrites archaeon ADurb.Bin253;Candidatus Diapherotrites archaeon ADurb.Bin253;Candidatus Diapherotrites archaeon ADurb.Bin253;Candidatus Diapherotrites archaeon ADurb.Bin253,0,0,0,0
Archaea;Nanoarchaeaeota;Woesearchaeia;Candidatus Pacearchaeota archaeon RBG_19FT_COMBO_34_9;Candidatus Pacearchaeota archaeon RBG_19FT_COMBO_34_9;Candidatus Pacearchaeota archaeon RBG_19FT_COMBO_34_9;Candidatus Pacearchaeota archaeon RBG_19FT_COMBO_34_9,0,0,0,0
Archaea;Nanoarchaeaeota;Woesearchaeia;uncultured archaeon;uncultured archaeon;uncultured archaeon;uncultured archaeon,0,0,0,0
Archaea;Nanoarchaeaeota;Woesearchaeia;uncultured bacterium;uncultured bacterium;uncultured bacterium;uncultured bacterium,0,19,0,3
Archaea;Nanoarchaeaeota;Woesearchaeia,0,9,7,0
Bacteria;Acidobacteria;Acidobacteriia;Subgroup 13;uncultured bacterium;uncultured bacterium;uncultured bacterium,0,0,0,0
Bacteria;Acidobacteria;Aminicenantia;Aminicenantales;uncultured soil bacterium;uncultured soil bacterium;uncultured soil bacterium,0,0,0,0
Bacteria;Acidobacteria;Subgroup 6,0,0,0,0
Bacteria;Acidobacteria;Thermoanaerobaculia;Thermoanaerobaculales;Thermoanaerobaculaceae;TPD-58;uncultured bacterium,0,0,0,0
Bacteria;Actinobacteria;Acidimicrobiia;Microtrichales;Ilumatobacteraceae;CL500-29 marine group;Ambiguous_taxa,308,600,0,37
Bacteria;Actinobacteria;Acidimicrobiia;Microtrichales;Ilumatobacteraceae;CL500-29 marine group;uncultured actinobacterium,302,0,28,0
Bacteria;Actinobacteria;Acidimicrobiia;Microtrichales;Ilumatobacteraceae;CL500-29 marine group,839,31,121,21
Bacteria;Actinobacteria;Acidimicrobiia;Microtrichales;Microtrichaceae;IMCC26207,0,0,11,0
Bacteria;Actinobacteria;Acidimicrobiia;Microtrichales;uncultured,5,0,15,0
Bacteria;Actinobacteria;Actinobacteria;Corynebacteriales;Mycobacteriaceae;Mycobacterium,0,0,9,0
Bacteria;Actinobacteria;Actinobacteria;Frankiales;Sporichthyaceae;Ambiguous_taxa,1213,966,19,28
Bacteria;Actinobacteria;Actinobacteria;Frankiales;Sporichthyaceae;Candidatus Planktophila;uncultured bacterium,313,51,13,0
Bacteria;Actinobacteria;Actinobacteria;Frankiales;Sporichthyaceae;hgcI clade;uncultured Actinomycetales bacterium,249,152,0,0
Bacteria;Actinobacteria;Actinobacteria;Frankiales;Sporichthyaceae;hgcI clade;uncultured actinobacterium,126,92,0,0
Bacteria;Actinobacteria;Actinobacteria;Frankiales;Sporichthyaceae;hgcI clade;uncultured bacterium,338,27,5,0
Bacteria;Actinobacteria;Actinobacteria;Frankiales;Sporichthyaceae;hgcI clade,2355,1238,224,52
Bacteria;Actinobacteria;Actinobacteria;Micrococcales;Microbacteriaceae;Candidatus Aquiluna;uncultured bacterium,0,0,0,0
Bacteria;Actinobacteria;Actinobacteria;Micrococcales;Microbacteriaceae;Candidatus Limnoluna;uncultured bacterium,192,76,45,15
Bacteria;Actinobacteria;Actinobacteria;Micrococcales;Microbacteriaceae;uncultured,10,0,0,0
Bacteria;Actinobacteria;Actinobacteria;Micrococcales;Microbacteriaceae,0,0,8,0
Bacteria;Actinobacteria;Actinobacteria;Micrococcales;Micrococcaceae,0,0,15,21
Bacteria;Actinobacteria;Actinobacteria;PeM15;Ambiguous_taxa;Ambiguous_taxa;Ambiguous_taxa,0,0,0,0
Bacteria;Actinobacteria;Actinobacteria;PeM15;uncultured bacterium;uncultured bacterium;uncultured bacterium,17,0,8,0
Bacteria;Actinobacteria;Actinobacteria;PeM15,0,39,0,10
Bacteria;Actinobacteria;Thermoleophilia;Gaiellales;uncultured;metagenome;metagenome,7,0,0,0
Bacteria;Actinobacteria;Thermoleophilia;Solirubrobacterales;Solirubrobacteraceae;Conexibacter;uncultured bacterium,0,0,0,4
Bacteria;Actinobacteria;WCHB1-81;uncultured bacterium;uncultured bacterium;uncultured bacterium;uncultured bacterium,0,0,0,0
Bacteria;Aegiribacteria;uncultured bacterium;uncultured bacterium;uncultured bacterium;uncultured bacterium;uncultured bacterium,0,0,0,0
Bacteria;Armatimonadetes;Armatimonadia;Armatimonadales;Armatimonadaceae;Armatimonas;uncultured bacterium,0,0,0,0
Bacteria;Armatimonadetes;Fimbriimonadia;Fimbriimonadales;Fimbriimonadaceae;uncultured bacterium;uncultured bacterium,2,0,5,0
Bacteria;Armatimonadetes;uncultured;uncultured bacterium;uncultured bacterium;uncultured bacterium;uncultured bacterium,0,0,0,0
Bacteria;Armatimonadetes;uncultured,0,0,0,24
Bacteria;Atribacteria;JS1;uncultured bacterium;uncultured bacterium;uncultured bacterium;uncultured bacterium,3,0,6,0
Bacteria;BRC1;uncultured organism;uncultured organism;uncultured organism;uncultured organism;uncultured organism,0,0,0,2
Bacteria;Bacteroidetes;Bacteroidia;Bacteroidales;Bacteroidaceae;Bacteroides;Ambiguous_taxa,0,0,0,0
Bacteria;Bacteroidetes;Bacteroidia;Bacteroidales;Bacteroidaceae;Bacteroides,0,0,0,0
Bacteria;Bacteroidetes;Bacteroidia;Bacteroidales;Bacteroidetes BD2-2;Bacteroidetes bacterium GWF2_49_14;Bacteroidetes bacterium GWF2_49_14,0,0,4,0
Bacteria;Bacteroidetes;Bacteroidia;Bacteroidales;Bacteroidetes BD2-2;uncultured bacterium;uncultured bacterium,0,0,0,4
Bacteria;Bacteroidetes;Bacteroidia;Bacteroidales;Bacteroidetes BD2-2;uncultured prokaryote;uncultured prokaryote,0,0,0,0
Bacteria;Bacteroidetes;Bacteroidia;Bacteroidales;Bacteroidetes BD2-2,0,0,0,3
Bacteria;Bacteroidetes;Bacteroidia;Bacteroidales;Bacteroidetes vadinHA17,0,58,0,0
Bacteria;Bacteroidetes;Bacteroidia;Bacteroidales;LKC2.127-25;uncultured bacterium;uncultured bacterium,0,225,0,34
Bacteria;Bacteroidetes;Bacteroidia;Bacteroidales;Marinilabiliaceae;uncultured;Ambiguous_taxa,0,0,0,0
Bacteria;Bacteroidetes;Bacteroidia;Bacteroidales;Marinilabiliaceae;uncultured;uncultured bacterium,0,0,0,0
Bacteria;Bacteroidetes;Bacteroidia;Bacteroidales;Paludibacteraceae;Paludibacter;uncultured bacterium,0,0,0,0
Bacteria;Bacteroidetes;Bacteroidia;Bacteroidales;Prolixibacteraceae;WCHB1-32;uncultured bacterium,2,131,0,70
Bacteria;Bacteroidetes;Bacteroidia;Bacteroidales;Prolixibacteraceae;uncultured;uncultured bacterium,0,0,6,0
Bacteria;Bacteroidetes;Bacteroidia;Bacteroidales;Prolixibacteraceae;uncultured,0,33,0,13
Bacteria;Bacteroidetes;Bacteroidia;Bacteroidales;Rikenellaceae;uncultured;Ambiguous_taxa,0,0,0,0
Bacteria;Bacteroidetes;Bacteroidia;Bacteroidales;SB-5;uncultured bacterium;uncultured bacterium,0,0,0,16
Bacteria;Bacteroidetes;Bacteroidia;Bacteroidetes VC2.1 Bac22;Ambiguous_taxa;Ambiguous_taxa;Ambiguous_taxa,0,0,0,5
Bacteria;Bacteroidetes;Bacteroidia;Bacteroidetes VC2.1 Bac22;uncultured bacterium;uncultured bacterium;uncultured bacterium,0,0,2,19
Bacteria;Bacteroidetes;Bacteroidia;Bacteroidetes VC2.1 Bac22,0,0,0,0
Bacteria;Bacteroidetes;Bacteroidia;Chitinophagales;Chitinophagaceae;Dinghuibacter;uncultured bacterium,239,35,56,0
Bacteria;Bacteroidetes;Bacteroidia;Chitinophagales;Chitinophagaceae;Ferruginibacter;uncultured bacterium,20,0,0,0
Bacteria;Bacteroidetes;Bacteroidia;Chitinophagales;Chitinophagaceae;Ferruginibacter,0,0,0,0
Bacteria;Bacteroidetes;Bacteroidia;Chitinophagales;Chitinophagaceae;Sediminibacterium;uncultured bacterium,0,0,0,0
Bacteria;Bacteroidetes;Bacteroidia;Chitinophagales;Chitinophagaceae;Sediminibacterium,694,476,32,16
Bacteria;Bacteroidetes;Bacteroidia;Chitinophagales;Chitinophagaceae;Terrimonas,0,0,0,0
Bacteria;Bacteroidetes;Bacteroidia;Chitinophagales;Chitinophagaceae;uncultured;metagenome,0,141,5,24
Bacteria;Bacteroidetes;Bacteroidia;Chitinophagales;Chitinophagaceae,0,0,0,0
Bacteria;Bacteroidetes;Bacteroidia;Chitinophagales;Saprospiraceae;Candidatus Aquirestis;uncultured bacterium,0,44,413,381
Bacteria;Bacteroidetes;Bacteroidia;Chitinophagales;Saprospiraceae;Haliscomenobacter;uncultured bacterium,0,0,0,0
Bacteria;Bacteroidetes;Bacteroidia;Chitinophagales;Saprospiraceae;uncultured,0,0,19,0
Bacteria;Bacteroidetes;Bacteroidia;Chitinophagales;Saprospiraceae,0,0,0,0
Bacteria;Bacteroidetes;Bacteroidia;Chitinophagales;uncultured,0,0,0,0
Bacteria;Bacteroidetes;Bacteroidia;Cytophagales;Cyclobacteriaceae;Algoriphagus;uncultured bacterium,150,6,5,0
Bacteria;Bacteroidetes;Bacteroidia;Cytophagales;Spirosomaceae;Pseudarcicella;uncultured bacterium,210,35,22,0
Bacteria;Bacteroidetes;Bacteroidia;Flavobacteriales;Crocinitomicaceae;Crocinitomix;uncultured bacterium,21,53,57,11
Bacteria;Bacteroidetes;Bacteroidia;Flavobacteriales;Crocinitomicaceae;Fluviicola;Ambiguous_taxa,31,754,0,101
Bacteria;Bacteroidetes;Bacteroidia;Flavobacteriales;Crocinitomicaceae;Fluviicola;uncultured bacterium,0,12,0,0
Bacteria;Bacteroidetes;Bacteroidia;Flavobacteriales;Crocinitomicaceae;Fluviicola,19,59,11,9
Bacteria;Bacteroidetes;Bacteroidia;Flavobacteriales;Cryomorphaceae;uncultured;Ambiguous_taxa,16,37,0,0
Bacteria;Bacteroidetes;Bacteroidia;Flavobacteriales;Cryomorphaceae;uncultured;uncultured Cryomorphaceae bacterium,351,52,43,0
Bacteria;Bacteroidetes;Bacteroidia;Flavobacteriales;Cryomorphaceae;uncultured;uncultured bacterium,0,0,0,0
Bacteria;Bacteroidetes;Bacteroidia;Flavobacteriales;Cryomorphaceae;uncultured,5,0,0,0
Bacteria;Bacteroidetes;Bacteroidia;Flavobacteriales;Flavobacteriaceae;Flavobacterium;Ambiguous_taxa,42,0,0,0
Bacteria;Bacteroidetes;Bacteroidia;Flavobacteriales;Flavobacteriaceae;Flavobacterium,210,69,58,43
Bacteria;Bacteroidetes;Bacteroidia;Flavobacteriales;Flavobacteriaceae;uncultured;uncultured bacterium,0,25,0,39
Bacteria;Bacteroidetes;Bacteroidia;Flavobacteriales;NS9 marine group;uncultured Bacteroidetes bacterium;uncultured Bacteroidetes bacterium,0,0,0,0
Bacteria;Bacteroidetes;Bacteroidia;Flavobacteriales;NS9 marine group,0,0,0,0
Bacteria;Bacteroidetes;Bacteroidia;Flavobacteriales;Weeksellaceae;Cloacibacterium;uncultured bacterium,4,0,11,5
Bacteria;Bacteroidetes;Bacteroidia;Sphingobacteriales;ADurb.Bin408;uncultured bacterium;uncultured bacterium,0,0,0,0
Bacteria;Bacteroidetes;Bacteroidia;Sphingobacteriales;Lentimicrobiaceae;Ambiguous_taxa;Ambiguous_taxa,0,0,0,0
Bacteria;Bacteroidetes;Bacteroidia;Sphingobacteriales;Lentimicrobiaceae;Lentimicrobium;uncultured bacterium,0,19,0,10
Bacteria;Bacteroidetes;Bacteroidia;Sphingobacteriales;Lentimicrobiaceae;uncultured Bacteroidetes bacterium;uncultured Bacteroidetes bacterium,0,2008,0,376
Bacteria;Bacteroidetes;Bacteroidia;Sphingobacteriales;Lentimicrobiaceae;uncultured bacterium;uncultured bacterium,0,0,0,0
Bacteria;Bacteroidetes;Bacteroidia;Sphingobacteriales;Lentimicrobiaceae;uncultured prokaryote;uncultured prokaryote,10,102,0,465
Bacteria;Bacteroidetes;Bacteroidia;Sphingobacteriales;Lentimicrobiaceae,29,56,102,21
Bacteria;Bacteroidetes;Bacteroidia;Sphingobacteriales;NS11-12 marine group;Ambiguous_taxa;Ambiguous_taxa,127,22,51,12
Bacteria;Bacteroidetes;Bacteroidia;Sphingobacteriales;NS11-12 marine group;uncultured bacterium;uncultured bacterium,5,32,5,16
Bacteria;Bacteroidetes;Bacteroidia;Sphingobacteriales;NS11-12 marine group,42,16,15,3
Bacteria;Bacteroidetes;Bacteroidia;Sphingobacteriales;S15A-MN91;uncultured bacterium;uncultured bacterium,0,0,5,0
Bacteria;Bacteroidetes;Bacteroidia;Sphingobacteriales;ST-12K33;uncultured organism;uncultured organism,0,0,0,0
Bacteria;Bacteroidetes;Bacteroidia;Sphingobacteriales;ST-12K33,0,0,0,12
Bacteria;Bacteroidetes;Bacteroidia;Sphingobacteriales;Sphingobacteriaceae;Pedobacter,30,27,7,11
Bacteria;Bacteroidetes;Bacteroidia;Sphingobacteriales;Sphingobacteriaceae;Solitalea;uncultured bacterium,30,72,0,0
Bacteria;Bacteroidetes;Bacteroidia;Sphingobacteriales;env.OPS 17;metagenome;metagenome,0,0,0,0
Bacteria;Bacteroidetes;Bacteroidia;Sphingobacteriales;env.OPS 17,0,0,0,0
Bacteria;Bacteroidetes;Bacteroidia;Sphingobacteriales,0,0,0,0
Bacteria;Bacteroidetes;Bacteroidia,0,0,0,0
Bacteria;Bacteroidetes;Chlorobia;Chlorobiales;Chlorobiaceae;Chlorobium;Ambiguous_taxa,0,249,4,85
Bacteria;Bacteroidetes;Chlorobia;Chlorobiales;Chlorobiaceae;Chlorobium,0,0,0,0
Bacteria;Bacteroidetes;Ignavibacteria;Ignavibacteriales;BSV40;uncultured bacterium;uncultured bacterium,0,0,0,0
Bacteria;Bacteroidetes;Ignavibacteria;Ignavibacteriales;Ignavibacteriaceae;Ignavibacterium;uncultured bacterium,0,0,0,0
Bacteria;Bacteroidetes;Ignavibacteria;Ignavibacteriales;Melioribacteraceae;IheB3-7;uncultured bacterium,0,21,0,0
Bacteria;Bacteroidetes;Ignavibacteria;Ignavibacteriales;PHOS-HE36;uncultured bacterium;uncultured bacterium,0,3,10,1932
Bacteria;Bacteroidetes;Ignavibacteria;Kryptoniales;BSV26;uncultured bacterium;uncultured bacterium,0,0,0,0
Bacteria;Bacteroidetes;Ignavibacteria;Kryptoniales;BSV26,0,68,0,3
Bacteria;Bacteroidetes;Ignavibacteria;OPB56;Ambiguous_taxa;Ambiguous_taxa;Ambiguous_taxa,0,91,0,58
Bacteria;Bacteroidetes;Ignavibacteria;OPB56;uncultured bacterium;uncultured bacterium;uncultured bacterium,0,0,0,0
Bacteria;Chlamydiae;LD1-PA32;Ambiguous_taxa;Ambiguous_taxa;Ambiguous_taxa;Ambiguous_taxa,0,0,0,0
Bacteria;Chlamydiae;LD1-PA32;uncultured bacterium;uncultured bacterium;uncultured bacterium;uncultured bacterium,0,0,0,0
Bacteria;Chloroflexi;Anaerolineae;ADurb.Bin180;uncultured bacterium;uncultured bacterium;uncultured bacterium,0,0,0,0
Bacteria;Chloroflexi;Anaerolineae;Anaerolineales;Anaerolineaceae;Anaerolineaceae UCG-001;uncultured bacterium,0,0,0,0
Bacteria;Chloroflexi;Anaerolineae;Anaerolineales;Anaerolineaceae;Leptolinea;uncultured bacterium,0,0,0,0
Bacteria;Chloroflexi;Anaerolineae;Anaerolineales;Anaerolineaceae;Pelolinea;uncultured Chloroflexi bacterium,0,0,0,0
Bacteria;Chloroflexi;Anaerolineae;Anaerolineales;Anaerolineaceae;uncultured;uncultured Chloroflexi bacterium,0,0,0,0
Bacteria;Chloroflexi;Anaerolineae;Anaerolineales;Anaerolineaceae;uncultured;uncultured soil bacterium,0,0,0,0
Bacteria;Chloroflexi;Anaerolineae;Anaerolineales;Anaerolineaceae;uncultured,0,0,0,0
Bacteria;Chloroflexi;Anaerolineae;Anaerolineales;Anaerolineaceae,0,0,0,0
Bacteria;Chloroflexi;Anaerolineae;RBG-13-54-9;Ambiguous_taxa;Ambiguous_taxa;Ambiguous_taxa,0,0,0,0
Bacteria;Chloroflexi;Anaerolineae;SBR1031;uncultured bacterium;uncultured bacterium;uncultured bacterium,0,0,0,0
Bacteria;Chloroflexi;Anaerolineae;SJA-15;uncultured bacterium;uncultured bacterium;uncultured bacterium,0,0,0,0
Bacteria;Chloroflexi;Chloroflexia;Chloroflexales;Roseiflexaceae;uncultured;uncultured Roseiflexus sp.,38,0,14,10
Bacteria;Chloroflexi;Dehalococcoidia;GIF3;uncultured bacterium;uncultured bacterium;uncultured bacterium,0,0,0,0
Bacteria;Chloroflexi;Dehalococcoidia;GIF9;uncultured bacterium;uncultured bacterium;uncultured bacterium,8,3,30,0
Bacteria;Chloroflexi;SL56 marine group;uncultured bacterium;uncultured bacterium;uncultured bacterium;uncultured bacterium,226,0,18,0
Bacteria;Cloacimonetes;Cloacimonadia;Cloacimonadales;MSBL8;uncultured bacterium;uncultured bacterium,0,0,0,0
Bacteria;Cyanobacteria;Melainabacteria;Gastranaerophilales;uncultured organism;uncultured organism;uncultured organism,0,0,0,120
Bacteria;Cyanobacteria;Oxyphotobacteria;Synechococcales;Cyanobiaceae;Cyanobium PCC-6307;uncultured bacterium,42,2522,38,4121
Bacteria;Cyanobacteria;Oxyphotobacteria;Synechococcales;Cyanobiaceae;Cyanobium PCC-6307,719,70,2142,23
Bacteria;Dependentiae;Babeliae;Babeliales;Babeliaceae;uncultured bacterium;uncultured bacterium,0,0,0,0
Bacteria;Dependentiae;Babeliae;Babeliales;uncultured bacterium;uncultured bacterium;uncultured bacterium,0,0,0,0
Bacteria;Elusimicrobia;Elusimicrobia;Lineage IV;uncultured bacterium;uncultured bacterium;uncultured bacterium,0,0,0,0
Bacteria;Elusimicrobia;Elusimicrobia;MVP-88;uncultured bacterium;uncultured bacterium;uncultured bacterium,0,3,0,13
Bacteria;Elusimicrobia;Rs-M47,0,3,0,0
Bacteria;Epsilonbacteraeota;Campylobacteria;Campylobacterales;Sulfurovaceae;Sulfurovum,0,0,0,0
Bacteria;Epsilonbacteraeota;Campylobacteria;Campylobacterales;Thiovulaceae;Sulfuricurvum;uncultured bacterium,0,0,0,0
Bacteria;Epsilonbacteraeota;Campylobacteria;Campylobacterales;Thiovulaceae;Sulfurimonas,0,5,0,0
Bacteria;Firmicutes;Bacilli;Bacillales;Bacillaceae;Vulcanibacillus;uncultured bacterium,0,8,0,7
Bacteria;Firmicutes;Bacilli;Bacillales;Family XII;Exiguobacterium;Ambiguous_taxa,378,0,6509,13
Bacteria;Firmicutes;Bacilli;Bacillales;Paenibacillaceae;Paenibacillus;uncultured bacterium,0,0,0,0
Bacteria;Firmicutes;Bacilli;Lactobacillales;Carnobacteriaceae;Trichococcus,0,0,222,0
Bacteria;Firmicutes;Clostridia;Clostridiales;Christensenellaceae;Christensenellaceae R-7 group;uncultured microorganism,0,0,0,0
Bacteria;Firmicutes;Clostridia;Clostridiales;Family XIII;Anaerovorax;uncultured bacterium,0,92,0,46
Bacteria;Firmicutes;Clostridia;Clostridiales;Family XIII;[Eubacterium] brachy group;uncultured bacterium,0,0,0,0
Bacteria;Firmicutes;Clostridia;Clostridiales;Peptococcaceae;Dehalobacter;Ambiguous_taxa,0,0,0,0
Bacteria;Firmicutes;Clostridia;Clostridiales;Ruminococcaceae;Saccharofermentans;uncultured bacterium,0,0,0,0
Bacteria;Firmicutes;Clostridia;Clostridiales;Ruminococcaceae;uncultured;uncultured bacterium,0,0,0,0
Bacteria;Firmicutes;Clostridia;Clostridiales;TC1;uncultured bacterium;uncultured bacterium,0,0,0,0
Bacteria;Firmicutes;Erysipelotrichia;Erysipelotrichales;Erysipelotrichaceae;Erysipelotrichaceae UCG-004;uncultured bacterium,18,0,0,0
Bacteria;Firmicutes;Negativicutes;Selenomonadales;Veillonellaceae;uncultured;uncultured bacterium,0,0,0,0
Bacteria;Firmicutes;Negativicutes;Selenomonadales;Veillonellaceae;uncultured,0,0,0,0
Bacteria;Fusobacteria;Fusobacteriia;Fusobacteriales;Leptotrichiaceae;uncultured;uncultured bacterium,0,0,0,0
Bacteria;Hydrogenedentes;Hydrogenedentia;Hydrogenedentiales;Hydrogenedensaceae;uncultured bacterium;uncultured bacterium,0,0,0,0
Bacteria;Hydrogenedentes;Hydrogenedentia;Hydrogenedentiales;Hydrogenedensaceae,0,0,0,0
Bacteria;Kiritimatiellaeota;Kiritimatiellae;Kiritimatiellales;Kiritimatiellaceae;MSBL3;uncultured bacterium,0,0,0,0
Bacteria;Kiritimatiellaeota;Kiritimatiellae;WCHB1-41;uncultured Verrucomicrobia bacterium;uncultured Verrucomicrobia bacterium;uncultured Verrucomicrobia bacterium,0,0,6,0
Bacteria;Kiritimatiellaeota;Kiritimatiellae;WCHB1-41;uncultured bacterium;uncultured bacterium;uncultured bacterium,0,0,0,0
Bacteria;Kiritimatiellaeota;Kiritimatiellae;WCHB1-41;uncultured prokaryote;uncultured prokaryote;uncultured prokaryote,0,0,0,0
Bacteria;Kiritimatiellaeota;Kiritimatiellae;WCHB1-41,6,0,9,29
Bacteria;LCP-89;uncultured bacterium;uncultured bacterium;uncultured bacterium;uncultured bacterium;uncultured bacterium,0,0,0,0
Bacteria;Latescibacteria;Latescibacteria;Latescibacterales;Latescibacteraceae;Candidatus Latescibacter;uncultured bacterium,0,0,0,0
Bacteria;Latescibacteria;uncultured bacterium;uncultured bacterium;uncultured bacterium;uncultured bacterium;uncultured bacterium,0,0,0,0
Bacteria;Lentisphaerae;Lentisphaeria;Victivallales;GWF2-44-16;uncultured bacterium;uncultured bacterium,0,0,0,0
Bacteria;Lentisphaerae;Lentisphaeria;Victivallales;PRD18C08;uncultured bacterium;uncultured bacterium,0,8,0,0
Bacteria;Lentisphaerae;Oligosphaeria;Oligosphaerales;Lenti-02;uncultured bacterium;uncultured bacterium,0,0,0,0
Bacteria;Marinimicrobia (SAR406 clade);uncultured Bacteroidetes/Chlorobi group bacterium;uncultured Bacteroidetes/Chlorobi group bacterium;uncultured Bacteroidetes/Chlorobi group bacterium;uncultured Bacteroidetes/Chlorobi group bacterium;uncultured Bacteroidetes/Chlorobi group bacterium,0,0,7,0
Bacteria;Marinimicrobia (SAR406 clade);uncultured bacterium;uncultured bacterium;uncultured bacterium;uncultured bacterium;uncultured bacterium,0,0,0,0
Bacteria;Marinimicrobia (SAR406 clade),0,0,0,0
Bacteria;Omnitrophicaeota;Omnitrophia;Omnitrophales;Omnitrophaceae;Candidatus Omnitrophus;uncultured bacterium,0,0,0,0
Bacteria;Omnitrophicaeota;Omnitrophia;Omnitrophales;Omnitrophaceae;Candidatus Omnitrophus,0,0,0,0
Bacteria;Omnitrophicaeota;Omnitrophica WOR_2 bacterium RIFCSPLOWO2_12_FULL_51_24;Omnitrophica WOR_2 bacterium RIFCSPLOWO2_12_FULL_51_24;Omnitrophica WOR_2 bacterium RIFCSPLOWO2_12_FULL_51_24;Omnitrophica WOR_2 bacterium RIFCSPLOWO2_12_FULL_51_24;Omnitrophica WOR_2 bacterium RIFCSPLOWO2_12_FULL_51_24,0,0,0,0
Bacteria;Omnitrophicaeota;uncultured Omnitrophica bacterium;uncultured Omnitrophica bacterium;uncultured Omnitrophica bacterium;uncultured Omnitrophica bacterium;uncultured Omnitrophica bacterium,5,16,0,0
Bacteria;Omnitrophicaeota;uncultured Verrucomicrobia bacterium;uncultured Verrucomicrobia bacterium;uncultured Verrucomicrobia bacterium;uncultured Verrucomicrobia bacterium;uncultured Verrucomicrobia bacterium,0,0,0,0
Bacteria;Omnitrophicaeota;uncultured bacterium;uncultured bacterium;uncultured bacterium;uncultured bacterium;uncultured bacterium,0,0,0,0
Bacteria;Omnitrophicaeota;uncultured organism;uncultured organism;uncultured organism;uncultured organism;uncultured organism,0,0,0,0
Bacteria;Omnitrophicaeota;uncultured planctomycete;uncultured planctomycete;uncultured planctomycete;uncultured planctomycete;uncultured planctomycete,0,0,0,0
Bacteria;Omnitrophicaeota,0,0,7,0
Bacteria;Patescibacteria;Microgenomatia;Candidatus Gottesmanbacteria;uncultured bacterium;uncultured bacterium;uncultured bacterium,0,0,0,0
Bacteria;Patescibacteria;Saccharimonadia;Saccharimonadales;uncultured candidate division WS5 bacterium;uncultured candidate division WS5 bacterium;uncultured candidate division WS5 bacterium,0,0,11,0
Bacteria;Patescibacteria;WWE3;uncultured candidate division WWE3 bacterium;uncultured candidate division WWE3 bacterium;uncultured candidate division WWE3 bacterium;uncultured candidate division WWE3 bacterium,0,0,0,0
Bacteria;Patescibacteria;WWE3,0,0,0,0
Bacteria;Planctomycetes;BD7-11;uncultured planctomycete;uncultured planctomycete;uncultured planctomycete;uncultured planctomycete,0,0,0,0
Bacteria;Planctomycetes;Phycisphaerae;MSBL9;GWC2-45-44;Ambiguous_taxa;Ambiguous_taxa,0,0,0,0
Bacteria;Planctomycetes;Phycisphaerae;MSBL9;KCLunmb-38-53;uncultured bacterium;uncultured bacterium,0,0,0,0
Bacteria;Planctomycetes;Phycisphaerae;MSBL9;SG8-4;uncultured planctomycete;uncultured planctomycete,0,0,0,0
Bacteria;Planctomycetes;Phycisphaerae;Phycisphaerales;AKAU3564 sediment group;uncultured bacterium;uncultured bacterium,0,0,0,0
Bacteria;Planctomycetes;Phycisphaerae;Phycisphaerales;AKAU3564 sediment group;uncultured planctomycete;uncultured planctomycete,0,0,0,0
Bacteria;Planctomycetes;Phycisphaerae;Phycisphaerales;AKAU3564 sediment group,0,0,0,0
Bacteria;Planctomycetes;Phycisphaerae;Phycisphaerales;Phycisphaeraceae;CL500-3;uncultured bacterium,3,0,3,0
Bacteria;Planctomycetes;Planctomycetacia;Gemmatales;Gemmataceae;uncultured;Ambiguous_taxa,3,0,19,0
Bacteria;Planctomycetes;Planctomycetacia;Isosphaerales;Isosphaeraceae;uncultured;uncultured bacterium,0,7,12,140
Bacteria;Planctomycetes;Planctomycetacia;Pirellulales;Pirellulaceae;Candidatus Anammoximicrobium;uncultured bacterium,0,0,0,0
Bacteria;Planctomycetes;Planctomycetacia;Pirellulales;Pirellulaceae;Pir4 lineage,0,0,0,0
Bacteria;Planctomycetes;Planctomycetacia;Pirellulales;Pirellulaceae;Pirellula;Ambiguous_taxa,0,0,449,24
Bacteria;Planctomycetes;Planctomycetacia;Pirellulales;Pirellulaceae;Pirellula,0,0,0,0
Bacteria;Planctomycetes;Planctomycetacia;Pirellulales;Pirellulaceae;uncultured;Ambiguous_taxa,104,8,401,36
Bacteria;Planctomycetes;Planctomycetacia;Pirellulales;Pirellulaceae;uncultured;uncultured bacterium,0,0,0,0
Bacteria;Planctomycetes;Planctomycetacia;Pirellulales;Pirellulaceae;uncultured,46,0,123,0
Bacteria;Planctomycetes;Planctomycetacia;Pirellulales;Pirellulaceae,0,0,0,0
Bacteria;Planctomycetes;Planctomycetacia;Planctomycetales;Rubinisphaeraceae;uncultured;uncultured bacterium,0,0,0,0
Bacteria;Planctomycetes;Planctomycetacia;Planctomycetales;Schlesneriaceae;Planctopirus;Ambiguous_taxa,0,0,43,0
Bacteria;Proteobacteria;Alphaproteobacteria;Acetobacterales;Acetobacteraceae;uncultured,0,14,0,0
Bacteria;Proteobacteria;Alphaproteobacteria;Azospirillales;Azospirillaceae;Azospirillum;Ambiguous_taxa,0,0,0,0
Bacteria;Proteobacteria;Alphaproteobacteria;Azospirillales;Azospirillaceae;Azospirillum;uncultured bacterium,0,0,0,0
Bacteria;Proteobacteria;Alphaproteobacteria;Azospirillales;Azospirillaceae;Niveispirillum;Ambiguous_taxa,13,0,0,0
Bacteria;Proteobacteria;Alphaproteobacteria;Caulobacterales;Caulobacteraceae;Brevundimonas;Ambiguous_taxa,65,0,438,179
Bacteria;Proteobacteria;Alphaproteobacteria;Caulobacterales;Caulobacteraceae;Caulobacter;Ambiguous_taxa,47,0,22,0
Bacteria;Proteobacteria;Alphaproteobacteria;Caulobacterales;Caulobacteraceae;Phenylobacterium,15,0,0,0
Bacteria;Proteobacteria;Alphaproteobacteria;Elsterales;Elsteraceae;uncultured;uncultured bacterium,0,0,15,0
Bacteria;Proteobacteria;Alphaproteobacteria;Micavibrionales;uncultured;uncultured bacterium;uncultured bacterium,13,3,2,0
Bacteria;Proteobacteria;Alphaproteobacteria;Paracaedibacterales;Paracaedibacteraceae;uncultured,0,0,0,0
Bacteria;Proteobacteria;Alphaproteobacteria;Reyranellales;Reyranellaceae;Reyranella,0,0,0,0
Bacteria;Proteobacteria;Alphaproteobacteria;Rhizobiales;Beijerinckiaceae;Bosea;Ambiguous_taxa,0,0,11,9
Bacteria;Proteobacteria;Alphaproteobacteria;Rhizobiales;Beijerinckiaceae;Methylobacterium,0,0,0,0
Bacteria;Proteobacteria;Alphaproteobacteria;Rhizobiales;Beijerinckiaceae;alphaI cluster;uncultured bacterium,0,0,28,0
Bacteria;Proteobacteria;Alphaproteobacteria;Rhizobiales;Beijerinckiaceae,19,0,0,0
Bacteria;Proteobacteria;Alphaproteobacteria;Rhizobiales;Devosiaceae;Devosia;Ambiguous_taxa,9,0,8,6
Bacteria;Proteobacteria;Alphaproteobacteria;Rhizobiales;Devosiaceae;Devosia,8,0,15,0
Bacteria;Proteobacteria;Alphaproteobacteria;Rhizobiales;Devosiaceae,0,0,0,0
Bacteria;Proteobacteria;Alphaproteobacteria;Rhizobiales;Hyphomicrobiaceae;Pedomicrobium;uncultured bacterium,0,0,18,0
Bacteria;Proteobacteria;Alphaproteobacteria;Rhizobiales;Rhizobiaceae;Allorhizobium-Neorhizobium-Pararhizobium-Rhizobium;uncultured Rhizobium sp.,0,0,0,0
Bacteria;Proteobacteria;Alphaproteobacteria;Rhizobiales;Rhizobiaceae;Allorhizobium-Neorhizobium-Pararhizobium-Rhizobium;uncultured bacterium,29,0,39,0
Bacteria;Proteobacteria;Alphaproteobacteria;Rhizobiales;Rhizobiaceae;Allorhizobium-Neorhizobium-Pararhizobium-Rhizobium,0,0,91,56
Bacteria;Proteobacteria;Alphaproteobacteria;Rhizobiales;Rhizobiales Incertae Sedis;Phreatobacter;uncultured bacterium,0,0,5,0
Bacteria;Proteobacteria;Alphaproteobacteria;Rhizobiales;Rhizobiales Incertae Sedis;uncultured,6,0,30,6
Bacteria;Proteobacteria;Alphaproteobacteria;Rhizobiales;Stappiaceae,0,0,0,0
Bacteria;Proteobacteria;Alphaproteobacteria;Rhizobiales;Xanthobacteraceae;Ancylobacter;Ambiguous_taxa,0,0,5,0
Bacteria;Proteobacteria;Alphaproteobacteria;Rhizobiales;Xanthobacteraceae;Pseudoxanthobacter;Ambiguous_taxa,0,4,0,0
Bacteria;Proteobacteria;Alphaproteobacteria;Rhizobiales;Xanthobacteraceae;Rhodopseudomonas;Ambiguous_taxa,0,0,0,0
Bacteria;Proteobacteria;Alphaproteobacteria;Rhizobiales;Xanthobacteraceae;Xanthobacter;Ambiguous_taxa,0,0,14,0
Bacteria;Proteobacteria;Alphaproteobacteria;Rhodobacterales;Rhodobacteraceae;Defluviimonas;uncultured bacterium,0,0,0,0
Bacteria;Proteobacteria;Alphaproteobacteria;Rhodobacterales;Rhodobacteraceae;Pseudorhodobacter;uncultured bacterium,12,0,17,0
Bacteria;Proteobacteria;Alphaproteobacteria;Rhodobacterales;Rhodobacteraceae;Rhodobacter,6,0,102,0
Bacteria;Proteobacteria;Alphaproteobacteria;Rhodobacterales;Rhodobacteraceae,27,69,0,4
Bacteria;Proteobacteria;Alphaproteobacteria;Rhodospirillales;Magnetospirillaceae;Magnetospirillum;uncultured bacterium,0,0,0,0
Bacteria;Proteobacteria;Alphaproteobacteria;Rhodospirillales;Magnetospirillaceae;Magnetospirillum,27,0,4,0
Bacteria;Proteobacteria;Alphaproteobacteria;Rhodospirillales;uncultured;uncultured bacterium;uncultured bacterium,9,0,0,40
Bacteria;Proteobacteria;Alphaproteobacteria;Rickettsiales;AB1;uncultured bacterium;uncultured bacterium,2,0,0,0
Bacteria;Proteobacteria;Alphaproteobacteria;Rickettsiales;Mitochondria;metagenome;metagenome,0,0,0,0
Bacteria;Proteobacteria;Alphaproteobacteria;Rickettsiales;Mitochondria;unidentified proteobacterium;unidentified proteobacterium,0,2,0,0
Bacteria;Proteobacteria;Alphaproteobacteria;Rickettsiales;Rickettsiaceae;uncultured;uncultured bacterium,0,16,0,0
Bacteria;Proteobacteria;Alphaproteobacteria;Rickettsiales;SM2D12;uncultured bacterium;uncultured bacterium,0,0,0,0
Bacteria;Proteobacteria;Alphaproteobacteria;Rickettsiales;uncultured;uncultured bacterium;uncultured bacterium,16,0,0,0
Bacteria;Proteobacteria;Alphaproteobacteria;Rickettsiales;uncultured,5,0,0,0
Bacteria;Proteobacteria;Alphaproteobacteria;SAR11 clade;Clade III;uncultured bacterium;uncultured bacterium,396,4,21,0
Bacteria;Proteobacteria;Alphaproteobacteria;Sphingomonadales;Sphingomonadaceae;Novosphingobium;Ambiguous_taxa,0,0,0,0
Bacteria;Proteobacteria;Alphaproteobacteria;Sphingomonadales;Sphingomonadaceae;Novosphingobium,222,8,136,0
Bacteria;Proteobacteria;Alphaproteobacteria;Sphingomonadales;Sphingomonadaceae;Porphyrobacter,8,0,43,0
Bacteria;Proteobacteria;Alphaproteobacteria;Sphingomonadales;Sphingomonadaceae;Sphingobium;Ambiguous_taxa,117,0,31,27
Bacteria;Proteobacteria;Alphaproteobacteria;Sphingomonadales;Sphingomonadaceae;Sphingobium,0,0,5,0
Bacteria;Proteobacteria;Alphaproteobacteria;Sphingomonadales;Sphingomonadaceae;Sphingomonas,68,0,32,0
Bacteria;Proteobacteria;Alphaproteobacteria;Sphingomonadales;Sphingomonadaceae;Sphingorhabdus;uncultured bacterium,80,39,4,0
Bacteria;Proteobacteria;Alphaproteobacteria;Sphingomonadales;Sphingomonadaceae,33,4,3,0
Bacteria;Proteobacteria;Alphaproteobacteria;Thalassobaculales;uncultured;uncultured bacterium;uncultured bacterium,0,11,0,0
Bacteria;Proteobacteria;Deltaproteobacteria;Bdellovibrionales;Bacteriovoracaceae;uncultured;uncultured bacterium,0,11,0,0
Bacteria;Proteobacteria;Deltaproteobacteria;Bdellovibrionales;Bdellovibrionaceae;OM27 clade;metagenome,0,0,5,0
Bacteria;Proteobacteria;Deltaproteobacteria;Bdellovibrionales;Bdellovibrionaceae;OM27 clade;uncultured bacterium,8,0,0,0
Bacteria;Proteobacteria;Deltaproteobacteria;Bdellovibrionales;Bdellovibrionaceae;OM27 clade,0,0,0,0
Bacteria;Proteobacteria;Deltaproteobacteria;Bradymonadales;uncultured bacterium;uncultured bacterium;uncultured bacterium,7,0,3,0
Bacteria;Proteobacteria;Deltaproteobacteria;Desulfarculales;Desulfarculaceae;Desulfatiglans,0,9,0,0
Bacteria;Proteobacteria;Deltaproteobacteria;Desulfobacterales;Desulfobacteraceae;SEEP-SRB1,0,0,0,0
Bacteria;Proteobacteria;Deltaproteobacteria;Desulfobacterales;Desulfobacteraceae;uncultured,0,0,0,0
Bacteria;Proteobacteria;Deltaproteobacteria;Desulfobacterales;Desulfobacteraceae,0,0,0,0
Bacteria;Proteobacteria;Deltaproteobacteria;Desulfobacterales;Desulfobulbaceae;Desulfocapsa;uncultured bacterium,6,29,14,11668
Bacteria;Proteobacteria;Deltaproteobacteria;Desulfobacterales;Desulfobulbaceae;Desulfocapsa,0,0,0,116
Bacteria;Proteobacteria;Deltaproteobacteria;Desulfobacterales;Desulfobulbaceae;SEEP-SRB2;uncultured bacterium,0,0,0,0
Bacteria;Proteobacteria;Deltaproteobacteria;Desulfovibrionales;Desulfovibrionaceae;Desulfovibrio,0,0,0,0
Bacteria;Proteobacteria;Deltaproteobacteria;Desulfuromonadales;Geobacteraceae;Geobacter;uncultured bacterium,0,2,0,0
Bacteria;Proteobacteria;Deltaproteobacteria;Desulfuromonadales;Geobacteraceae;Geobacter,0,0,0,0
Bacteria;Proteobacteria;Deltaproteobacteria;Myxococcales;Blfdi19;uncultured bacterium;uncultured bacterium,0,0,0,0
Bacteria;Proteobacteria;Deltaproteobacteria;Myxococcales,0,0,0,0
Bacteria;Proteobacteria;Deltaproteobacteria;NKB15;uncultured bacterium;uncultured bacterium;uncultured bacterium,0,0,0,0
Bacteria;Proteobacteria;Deltaproteobacteria;Oligoflexales;0319-6G20;uncultured bacterium;uncultured bacterium,5,0,0,0
Bacteria;Proteobacteria;Deltaproteobacteria;Oligoflexales;Oligoflexaceae;Oligoflexus;uncultured bacterium,0,0,0,0
Bacteria;Proteobacteria;Deltaproteobacteria;Oligoflexales;Oligoflexaceae;Oligoflexus,0,0,4,0
Bacteria;Proteobacteria;Deltaproteobacteria;Oligoflexales;Oligoflexaceae;uncultured;uncultured bacterium,8,0,128,3
Bacteria;Proteobacteria;Deltaproteobacteria;PB19;uncultured bacterium;uncultured bacterium;uncultured bacterium,0,0,0,0
Bacteria;Proteobacteria;Deltaproteobacteria;Sva0485;Ambiguous_taxa;Ambiguous_taxa;Ambiguous_taxa,0,0,0,0
Bacteria;Proteobacteria;Deltaproteobacteria;Sva0485;uncultured bacterium;uncultured bacterium;uncultured bacterium,0,0,0,0
Bacteria;Proteobacteria;Deltaproteobacteria;Sva0485;uncultured delta proteobacterium;uncultured delta proteobacterium;uncultured delta proteobacterium,0,2,0,0
Bacteria;Proteobacteria;Deltaproteobacteria;Sva0485,0,0,0,0
Bacteria;Proteobacteria;Deltaproteobacteria;Syntrophobacterales;Syntrophaceae;Desulfobacca;uncultured bacterium,6,8,23,0
Bacteria;Proteobacteria;Deltaproteobacteria;Syntrophobacterales;Syntrophaceae;Desulfomonile;uncultured bacterium,0,0,8,10
Bacteria;Proteobacteria;Deltaproteobacteria;Syntrophobacterales;Syntrophaceae;Syntrophus;uncultured bacterium,11,68,18,7
Bacteria;Proteobacteria;Deltaproteobacteria;Syntrophobacterales;Syntrophaceae;Syntrophus,0,0,0,0
Bacteria;Proteobacteria;Gammaproteobacteria;Alteromonadales;Alteromonadaceae;Rheinheimera,12,0,110,0
Bacteria;Proteobacteria;Gammaproteobacteria;Betaproteobacteriales;Burkholderiaceae;Aquabacterium;uncultured bacterium,51,10,62,18
Bacteria;Proteobacteria;Gammaproteobacteria;Betaproteobacteriales;Burkholderiaceae;Aquabacterium,59,0,0,0
Bacteria;Proteobacteria;Gammaproteobacteria;Betaproteobacteriales;Burkholderiaceae;Comamonas,0,0,0,0
Bacteria;Proteobacteria;Gammaproteobacteria;Betaproteobacteriales;Burkholderiaceae;Delftia,0,0,0,0
Bacteria;Proteobacteria;Gammaproteobacteria;Betaproteobacteriales;Burkholderiaceae;GKS98 freshwater group,19,31,0,0
Bacteria;Proteobacteria;Gammaproteobacteria;Betaproteobacteriales;Burkholderiaceae;Hydrogenophaga;uncultured bacterium,0,0,0,0
Bacteria;Proteobacteria;Gammaproteobacteria;Betaproteobacteriales;Burkholderiaceae;Hydrogenophaga,197,0,18,0
Bacteria;Proteobacteria;Gammaproteobacteria;Betaproteobacteriales;Burkholderiaceae;Limnohabitans,201,263,0,17
Bacteria;Proteobacteria;Gammaproteobacteria;Betaproteobacteriales;Burkholderiaceae;MWH-UniP1 aquatic group;uncultured bacterium,0,0,0,0
Bacteria;Proteobacteria;Gammaproteobacteria;Betaproteobacteriales;Burkholderiaceae;Massilia,0,0,0,0
Bacteria;Proteobacteria;Gammaproteobacteria;Betaproteobacteriales;Burkholderiaceae;Polaromonas,142,193,0,0
Bacteria;Proteobacteria;Gammaproteobacteria;Betaproteobacteriales;Burkholderiaceae;Polynucleobacter;Ambiguous_taxa,0,192,0,10
Bacteria;Proteobacteria;Gammaproteobacteria;Betaproteobacteriales;Burkholderiaceae;Polynucleobacter;uncultured bacterium,155,14,14,0
Bacteria;Proteobacteria;Gammaproteobacteria;Betaproteobacteriales;Burkholderiaceae;Polynucleobacter,44,11,0,28
Bacteria;Proteobacteria;Gammaproteobacteria;Betaproteobacteriales;Burkholderiaceae;Rhizobacter,0,0,0,0
Bacteria;Proteobacteria;Gammaproteobacteria;Betaproteobacteriales;Burkholderiaceae;Rhodoferax,187,1000,7,151
Bacteria;Proteobacteria;Gammaproteobacteria;Betaproteobacteriales;Burkholderiaceae,236,394,295,47
Bacteria;Proteobacteria;Gammaproteobacteria;Betaproteobacteriales;Hydrogenophilaceae;uncultured;uncultured bacterium,0,492,0,18
Bacteria;Proteobacteria;Gammaproteobacteria;Betaproteobacteriales;Methylophilaceae;Candidatus Methylopumilus;uncultured bacterium,138,43,0,0
Bacteria;Proteobacteria;Gammaproteobacteria;Betaproteobacteriales;Methylophilaceae;uncultured;uncultured bacterium,0,0,0,0
Bacteria;Proteobacteria;Gammaproteobacteria;Betaproteobacteriales;Rhodocyclaceae;Ferribacterium;uncultured bacterium,910,33,166,0
Bacteria;Proteobacteria;Gammaproteobacteria;Betaproteobacteriales;Rhodocyclaceae;Methyloversatilis;uncultured bacterium,0,0,0,0
Bacteria;Proteobacteria;Gammaproteobacteria;Betaproteobacteriales;T34;uncultured bacterium;uncultured bacterium,0,0,36,0
Bacteria;Proteobacteria;Gammaproteobacteria;Betaproteobacteriales;TRA3-20,4,0,0,0
Bacteria;Proteobacteria;Gammaproteobacteria;Chromatiales;Chromatiaceae;Chromatium;uncultured bacterium,0,0,0,0
Bacteria;Proteobacteria;Gammaproteobacteria;Chromatiales;Chromatiaceae;Thiocystis;uncultured bacterium,22,17,82,58
Bacteria;Proteobacteria;Gammaproteobacteria;Chromatiales;Chromatiaceae;uncultured;uncultured bacterium,0,0,0,25
Bacteria;Proteobacteria;Gammaproteobacteria;Chromatiales;Chromatiaceae,0,0,27,921
Bacteria;Proteobacteria;Gammaproteobacteria;Coxiellales;Coxiellaceae;Coxiella,0,0,0,0
Bacteria;Proteobacteria;Gammaproteobacteria;Enterobacteriales;Enterobacteriaceae;Providencia;Ambiguous_taxa,11,0,159,24
Bacteria;Proteobacteria;Gammaproteobacteria;Enterobacteriales;Enterobacteriaceae;Serratia;Ambiguous_taxa,0,0,0,11
Bacteria;Proteobacteria;Gammaproteobacteria;Gammaproteobacteria Incertae Sedis;Unknown Family;Acidibacter;uncultured bacterium,20,0,0,0
Bacteria;Proteobacteria;Gammaproteobacteria;Legionellales;Legionellaceae;Legionella;uncultured bacterium,0,0,16,10
Bacteria;Proteobacteria;Gammaproteobacteria;Legionellales;Legionellaceae;Legionella,0,0,0,0
Bacteria;Proteobacteria;Gammaproteobacteria;Methylococcales;Methylomonaceae;Crenothrix;uncultured bacterium,0,0,0,10
Bacteria;Proteobacteria;Gammaproteobacteria;Oceanospirillales;Pseudohongiellaceae;Pseudohongiella;uncultured bacterium,13,0,0,0
Bacteria;Proteobacteria;Gammaproteobacteria;Pseudomonadales;Moraxellaceae;Acinetobacter;Acinetobacter calcoaceticus,5,0,56,0
Bacteria;Proteobacteria;Gammaproteobacteria;Pseudomonadales;Pseudomonadaceae;Pseudomonas,0,0,66,90
Bacteria;Proteobacteria;Gammaproteobacteria;Xanthomonadales;Rhodanobacteraceae;Aquimonas;uncultured bacterium,0,0,26,0
Bacteria;Proteobacteria;Gammaproteobacteria;Xanthomonadales;Xanthomonadaceae;Stenotrophomonas,0,0,0,0
Bacteria;Spirochaetes;Leptospirae;Leptospirales;Leptospiraceae;Leptospira;Leptospira biflexa,20,0,0,0
Bacteria;Spirochaetes;MVP-15;uncultured bacterium;uncultured bacterium;uncultured bacterium;uncultured bacterium,0,0,0,0
Bacteria;Spirochaetes;Spirochaetia;Spirochaetales;Spirochaetaceae;Sphaerochaeta;uncultured bacterium,0,8,0,0
Bacteria;Spirochaetes;Spirochaetia;Spirochaetales;Spirochaetaceae;Treponema;uncultured bacterium,0,5,0,6
Bacteria;Spirochaetes;Spirochaetia;Spirochaetales;Spirochaetaceae;uncultured;Ambiguous_taxa,0,0,0,0
Bacteria;Spirochaetes;Spirochaetia;Spirochaetales;Spirochaetaceae;uncultured;uncultured prokaryote,0,0,0,26
Bacteria;TA06;uncultured soil bacterium;uncultured soil bacterium;uncultured soil bacterium;uncultured soil bacterium;uncultured soil bacterium,4,0,8,0
Bacteria;Tenericutes;Mollicutes;EUB33-2;uncultured bacterium;uncultured bacterium;uncultured bacterium,0,27,0,3
Bacteria;Tenericutes;Mollicutes;Izimaplasmatales;Izimaplasmataceae;uncultured bacterium;uncultured bacterium,0,19,0,3
Bacteria;Tenericutes;Mollicutes,0,0,0,0
Bacteria;Verrucomicrobia;Verrucomicrobiae;Chthoniobacterales;Chthoniobacteraceae;LD29;uncultured bacterium,46,0,20,0
Bacteria;Verrucomicrobia;Verrucomicrobiae;Chthoniobacterales;Terrimicrobiaceae;Terrimicrobium;uncultured bacterium,8,0,16,4
Bacteria;Verrucomicrobia;Verrucomicrobiae;LD1-PB3;uncultured bacterium;uncultured bacterium;uncultured bacterium,0,0,0,0
Bacteria;Verrucomicrobia;Verrucomicrobiae;Methylacidiphilales;Methylacidiphilaceae;uncultured;Ambiguous_taxa,35,0,0,0
Bacteria;Verrucomicrobia;Verrucomicrobiae;Opitutales;Opitutaceae;IMCC26134,20,0,8,0
Bacteria;Verrucomicrobia;Verrucomicrobiae;Opitutales;Opitutaceae;Lacunisphaera,0,12,0,0
Bacteria;Verrucomicrobia;Verrucomicrobiae;Opitutales;Opitutaceae,0,42,0,0
Bacteria;Verrucomicrobia;Verrucomicrobiae;Pedosphaerales;Pedosphaeraceae;uncultured bacterium;uncultured bacterium,0,0,0,0
Bacteria;Verrucomicrobia;Verrucomicrobiae;Pedosphaerales;Pedosphaeraceae,13,0,15,0
Bacteria;Verrucomicrobia;Verrucomicrobiae;Verrucomicrobiales;DEV007;Ambiguous_taxa;Ambiguous_taxa,0,0,11,0
Bacteria;Verrucomicrobia;Verrucomicrobiae;Verrucomicrobiales;Rubritaleaceae;Luteolibacter;uncultured bacterium,9,0,8,0
Bacteria;Verrucomicrobia;Verrucomicrobiae;Verrucomicrobiales;Rubritaleaceae;Luteolibacter,0,0,9,0
Bacteria;Verrucomicrobia;Verrucomicrobiae;Verrucomicrobiales;Verrucomicrobiaceae;Prosthecobacter;uncultured bacterium,0,0,0,0
Bacteria;Verrucomicrobia;Verrucomicrobiae;Verrucomicrobiales;Verrucomicrobiaceae;Prosthecobacter,0,2,0,2
Bacteria;Verrucomicrobia;Verrucomicrobiae;Verrucomicrobiales;Verrucomicrobiaceae;uncultured;uncultured bacterium,0,0,0,3
Bacteria;Verrucomicrobia;Verrucomicrobiae;uncultured;uncultured bacterium;uncultured bacterium;uncultured bacterium,8,0,0,0
Bacteria;WS1;Ambiguous_taxa;Ambiguous_taxa;Ambiguous_taxa;Ambiguous_taxa;Ambiguous_taxa,0,0,0,0
Bacteria;WS1;uncultured bacterium;uncultured bacterium;uncultured bacterium;uncultured bacterium;uncultured bacterium,0,0,0,0
Bacteria;WS4;uncultured bacterium;uncultured bacterium;uncultured bacterium;uncultured bacterium;uncultured bacterium,0,0,0,0
Bacteria,12,21,14415,348
Unassigned,0,0,0,0
